"radius_group","total","malignant_count","malignant_prop"
"Q1",142,3,0.0211267605633803
"Q2",142,14,0.0985915492957746
"Q3",141,57,0.404255319148936
"Q4",144,138,0.958333333333333
